date,open,high,low,close,volume,quote_volume,trades
2025-09-10,0.0001,0.0032652,0.0001,0.0032365,2867058140.64,5279650.9705007,
2025-09-11,0.0032365,0.00326,0.00211,0.0026777,1431968827.21,3868280.2350872,
2025-09-12,0.0026777,0.00272,0.0025033,0.0025888,1032842642.95,2714701.8849699,
2025-09-13,0.0025888,0.0026243,0.0022743,0.0022777,618358721.38,1504977.0344754,
2025-09-14,0.0022777,0.0024688,0.0021819,0.0024405,980385639.23,2299492.7833617,
2025-09-15,0.0024405,0.0025496,0.0023973,0.0024354,1009925328.84,2475930.772728,
2025-09-16,0.0024354,0.0024531,0.0023598,0.0024089,1283170992.62,3100617.403972,
2025-09-17,0.0024089,0.002452,0.0023223,0.0024114,1020575033.68,2438008.216609,
2025-09-18,0.0024114,0.0024663,0.0023892,0.0024071,891073224.14,2161611.7787608,
2025-09-19,0.0024071,0.0043,0.002373,0.0036952,700488436.44,1910014.3895373,
2025-09-20,0.0036952,0.0045196,0.0029,0.0037711,312762147.86,1134714.9424664,
2025-09-21,0.0037711,0.005,0.00377,0.0039409,361303035.56,1446152.5029481,
2025-09-22,0.0039409,0.0039471,0.0034707,0.0038454,574316787.35,2111180.554438,
2025-09-23,0.0038454,0.0039779,0.0037726,0.0038772,588521610.71,2282070.4867739,
2025-09-24,0.0038772,0.0038881,0.0034418,0.0038283,423449745.58,1597650.7117484,
2025-09-25,0.0038283,0.0038325,0.0034405,0.0034796,271269695.17,989784.7600141,
2025-09-26,0.0034796,0.0036116,0.0033977,0.0035238,302842006.46,1052452.2469558,
2025-09-27,0.0035238,0.0040315,0.0030892,0.0038942,362420064.47,1269578.4677287,
2025-09-28,0.0038942,0.00395,0.0037661,0.0039428,269688583.48,1032791.4361388,
2025-09-29,0.0039428,0.0040335,0.0038708,0.0039952,310503710.78,1220862.6039363,
2025-09-30,0.0039952,0.0040219,0.0036897,0.0037718,362583287.17,1391513.7184716,
2025-10-01,0.0037718,0.0045056,0.0037261,0.0042913,330822393.37,1299649.4859065,
2025-10-02,0.0042913,0.00435,0.0037509,0.0041743,270765070.72,1124828.8852004,
2025-10-03,0.0041743,0.0041778,0.0038001,0.0038008,137052603.04,562481.7610488,
2025-10-04,0.0038008,0.0038899,0.003521,0.0037372,132627403.04,501001.861373,
2025-10-05,0.0037372,0.0038591,0.0035,0.0036271,98957585.66,364330.6697184,
2025-10-06,0.0036271,0.0037517,0.00359,0.0036981,190070090.32,699113.5663646,
2025-10-07,0.0036981,0.0037746,0.0034874,0.0035013,226164740.94,816640.7808887,
2025-10-08,0.0035013,0.0035761,0.0029726,0.0029967,260282214.7,885181.9413261,
2025-10-09,0.0029967,0.0032635,0.002856,0.0032209,302895320.73,913157.2325463,
2025-10-10,0.0032209,0.0036102,0.0031632,0.0034346,290935729.08,973680.5426591,
2025-10-11,0.0034346,0.0037231,0.0033258,0.0037226,213410921.4,741292.6704983,
2025-10-12,0.0037226,0.004453,0.0035422,0.0042762,246274869.23,980907.4132008,
2025-10-13,0.0042762,0.0044531,0.00382,0.0041227,101735741.96,424142.3487758,
2025-10-14,0.0041227,0.004177,0.0036337,0.0039066,201017919.56,776533.9770855,
2025-10-15,0.0039066,0.0039785,0.0037191,0.0037713,240866196.47,929526.4154342,
2025-10-16,0.0037713,0.0038978,0.0036301,0.0036983,265234628.52,998010.7832549,
2025-10-17,0.0036983,0.0037669,0.0034902,0.0036199,228782136.78,833968.3249031,
2025-10-18,0.0036199,0.0037622,0.0033651,0.0035194,275915350.71,1005798.7012274,
2025-10-19,0.0035194,0.0035754,0.0033825,0.0035252,259655256.21,913932.7453067,
2025-10-20,0.0035252,0.0036183,0.00335,0.0034044,263735997.26,913416.226236,
2025-10-21,0.0034044,0.0035393,0.0031,0.0033608,316416474.84,1071542.6806887,
2025-10-22,0.0033608,0.0033741,0.0031001,0.0032023,279852072.44,911169.3169634,
2025-10-23,0.0032023,0.0033369,0.003149,0.0032742,257824768.56,843185.0767492,
2025-10-24,0.0032742,0.0033851,0.0032419,0.0033233,320440656.52,1064217.1706996,
2025-10-25,0.0033233,0.0033722,0.0033005,0.0033297,228562214.33,759229.2724922,
2025-10-26,0.0033297,0.0033609,0.0031,0.0031517,339962739.14,1095984.1678789,
2025-10-27,0.0031517,0.0032645,0.0031144,0.0031543,277642884.26,880483.9256554,
2025-10-28,0.0031543,0.0032,0.003,0.0030349,310367552.06,972241.3526333,
2025-10-29,0.0030349,0.0031422,0.003,0.0030772,299464802.76,920153.9184378,
2025-10-30,0.0030772,0.0034939,0.003019,0.0034812,319601643.91,1030631.339322,
2025-10-31,0.0034812,0.0036241,0.0025587,0.0034614,177881472.66,623916.8217286,
2025-11-01,0.0034614,0.0035012,0.0031097,0.0034577,179842371.48,622627.4251369,
2025-11-02,0.0034577,0.0035023,0.0033001,0.0034994,144949300.01,504086.4166229,
2025-11-03,0.0034994,0.0035,0.0031,0.003254,199505713.23,669337.0492882,
2025-11-04,0.003254,0.0032958,0.00256,0.0030138,111600678.06,349773.5748792,
2025-11-05,0.0030138,0.0037775,0.0030122,0.003268,131333878.47,415630.3983587,
2025-11-06,0.003268,0.0033121,0.0027405,0.0032419,139234262.65,452505.2495557,
2025-11-07,0.0032419,0.0033855,0.0029244,0.0033156,175300617.31,572536.3026525,
2025-11-08,0.0033156,0.0033719,0.0024148,0.0032803,225652547.88,739917.6905525,
2025-11-09,0.0032803,0.0035,0.0023919,0.0033663,266465451.07,890097.0843132,
2025-11-10,0.0033663,0.0035,0.0032019,0.0033857,349969926.09,1200056.9028171,
2025-11-11,0.0033857,0.0043261,0.003,0.0033335,346978092.03,1175048.0134101,
2025-11-12,0.0033335,0.00355,0.003028,0.0033155,609181140.07,2030322.7111083,
2025-11-13,0.0033155,0.0035501,0.0031886,0.0032611,584856707.57,1947605.1878588,
2025-11-14,0.0032611,0.0034305,0.0030991,0.0032543,729955924.64,2377964.4549503,
2025-11-15,0.0032543,0.0033894,0.0032282,0.0033103,579155066.74,1917968.2807605,
2025-11-16,0.0033103,0.003473,0.0031811,0.0032983,608833296.81,2027045.8068499,
2025-11-17,0.0032983,0.0038,0.0032822,0.003424,579239671.4,1989881.3659119,
2025-11-18,0.003424,0.0035498,0.00336,0.0034596,502659811.98,1730697.4298051,
2025-11-19,0.0034596,0.0034978,0.003263,0.0034781,875004263.03,2968403.1460465,
2025-11-20,0.0034781,0.00353,0.0032852,0.0034235,994476534.19,3434529.3885321,
2025-11-21,0.0034235,0.00365,0.0033036,0.0035835,839543818.54,2953353.2537601,
2025-11-22,0.0035835,0.0037,0.0035034,0.0035518,956565760.91,3439609.7126365,
2025-11-23,0.0035518,0.0037802,0.0035198,0.003653,1044004476.88,3783167.0693457,
2025-11-24,0.003653,0.0086818,0.0035201,0.0079917,2979470144.08,21108152.6654158,
2025-11-25,0.0079917,0.0080963,0.0072965,0.0077364,3406151633.37,26650528.3463473,
2025-11-26,0.0077364,0.0080023,0.00719,0.0075829,2733869907.23,20916487.7243117,
2025-11-27,0.0075829,0.0076242,0.0067376,0.007204,1117448531.61,8246458.9985791,
2025-11-28,0.007204,0.0073785,0.0068653,0.007088,740862293.24,5289778.460153,
2025-11-29,0.007088,0.0071344,0.006535,0.0068761,791404196.51,5531279.1133672,
2025-11-30,0.0068761,0.0078438,0.00681,0.0074127,886308222.86,6281335.2119571,
2025-12-01,0.0074127,0.0081595,0.0068284,0.0080633,464122061.22,3551960.8369125,
2025-12-02,0.0080633,0.00815,0.00765,0.0080606,247580201.09,1988616.5350458,
2025-12-03,0.0080606,0.00815,0.0077238,0.0080719,359768093.32,2877407.5072198,
2025-12-04,0.0080719,0.008205,0.0076834,0.0078386,487567439.29,3894400.017642,
2025-12-05,0.0078386,0.00794,0.0073585,0.007445,657384239.79,5042611.0429882,
2025-12-06,0.007445,0.007606,0.0071091,0.0075085,578335488.83,4328004.8350257,
2025-12-07,0.0075085,0.0077364,0.0072624,0.0075079,666268309.76,5010396.114934,
2025-12-08,0.0075079,0.0079948,0.0072916,0.0076924,840787034.85,6442261.4772142,
2025-12-09,0.0076924,0.008,0.0062465,0.007685,890390757.54,6783991.4129242,
2025-12-10,0.007685,0.0081,0.00739,0.0078654,752193082.23,5848054.8774161,
2025-12-11,0.0078654,0.0080101,0.0075199,0.007795,1047576491.69,8051193.680724,
2025-12-12,0.007795,0.0078699,0.0073,0.0074317,685118095.52,5266566.1713258,
2025-12-13,0.0074317,0.0075561,0.00735,0.0074601,730381758.71,5441031.4399929,
2025-12-14,0.0074601,0.0081,0.00675,0.0078502,909439476.97,6938488.1922611,
2025-12-15,0.0078502,0.008055,0.007318,0.0078332,873455531.15,6892984.1245801,
2025-12-16,0.0078332,0.0078836,0.0076106,0.0078343,807492787.45,6285024.8700239,
2025-12-17,0.0078343,0.008,0.0074113,0.0075456,1477594179.79,11361250.8559081,
2025-12-18,0.0075456,0.00797,0.0073269,0.0074878,613596177.75,4670497.2491396,
2025-12-19,0.0074878,0.0078555,0.0073795,0.0077343,435473367.7,3339562.2945615,
2025-12-20,0.0077343,0.0079196,0.0074596,0.0076845,492320279.08,3790896.6022269,
2025-12-21,0.0076845,0.007749,0.0074731,0.0075528,666475974.73,5091776.0780236,
2025-12-22,0.0075528,0.0077212,0.0070709,0.0072488,713371773.81,5256438.5098334,
2025-12-23,0.0072488,0.0081329,0.0069,0.0079888,1444518145.94,11226972.5436081,
2025-12-24,0.0079888,0.00826,0.0077854,0.0081076,1331858472.94,10766615.9945733,
2025-12-25,0.0081076,0.00826,0.0068274,0.0069316,603405007.37,4758302.3549356,
2025-12-26,0.0069316,0.0080011,0.0067998,0.0076634,807948185.26,6119724.0992088,
2025-12-27,0.0076634,0.00826,0.0075,0.0081714,1542082272.13,11846709.6450514,
2025-12-28,0.0081714,0.0082042,0.0076508,0.0080519,763428671.09,6117804.8736631,
2025-12-29,0.0080519,0.0083571,0.0078991,0.0080006,901600481.88,7288449.8072998,
2025-12-30,0.0080006,0.0080843,0.0078675,0.0079801,1082612011.64,8669192.5945941,
2025-12-31,0.0079801,0.0081849,0.0078084,0.0080177,788113056.79,6320934.3341876,
2026-01-01,0.0080177,0.0080751,0.0078888,0.008045,1859105303.51,14904366.6665712,
2026-01-02,0.008045,0.0082137,0.0079884,0.0080681,1140821561.74,9238150.3066139,
2026-01-03,0.0080681,0.0081179,0.0078393,0.0080521,1233510366.48,9895211.3001899,
2026-01-04,0.0080521,0.008142,0.0079127,0.0080044,1326603539.26,10636494.1235661,
2026-01-05,0.0080044,0.0082499,0.0078653,0.0081601,1525645429.98,12349561.66268,
2026-01-06,0.0081601,0.01,0.008,0.0092361,1205288617.55,10273363.4182935,
2026-01-07,0.0092361,0.009238,0.0084,0.0090638,1310611885.06,11867122.3370604,
2026-01-08,0.0090638,0.0091,0.008651,0.0088109,1382012045,12257817.4928215,
2026-01-09,0.0088109,0.0089054,0.0083444,0.0084145,1376309947.58,11807117.8374975,
2026-01-10,0.0084145,0.0090661,0.0082,0.0090368,934386931.64,7952234.9796316,
2026-01-11,0.0090368,0.0090715,0.0083,0.008907,278003542.15,2494943.8010898,
2026-01-12,0.008907,0.00905,0.0082,0.008612,934138461.97,8285645.3927819,
2026-01-13,0.008612,0.0090758,0.008592,0.0090141,740736166.45,6494500.1201046,
2026-01-14,0.0090141,0.0097644,0.0087063,0.0095364,303693825.57,2779709.5601449,
2026-01-15,0.0095364,0.00998,0.0093378,0.0097299,238175176.08,2270563.5065295,
2026-01-16,0.0097299,0.0097306,0.0092305,0.0094568,261671736.62,2496210.6315092,
2026-01-17,0.0094568,0.00999,0.0092834,0.0094294,402197306.36,3808981.49424,
2026-01-18,0.0094294,0.0094662,0.00912,0.00912,477911023.77,4471809.563153,
2026-01-19,0.00912,0.0091888,0.0088195,0.0090249,418711327.81,3805424.6339658,
2026-01-20,0.0090249,0.0090862,0.0083947,0.0084664,461791880.09,4079363.4372247,
2026-01-21,0.0084664,0.0091958,0.0082561,0.0089985,206501473.57,1791251.3246893,
2026-01-22,0.0089985,0.0105,0.0089245,0.0100444,189316834.93,1775275.4351082,
2026-01-23,0.0100444,0.0101649,0.0096451,0.0099344,34457831.87,345371.1747694,
2026-01-24,0.0099344,0.01,0.0097889,0.0099652,56599972.01,560801.5890998,
2026-01-25,0.0099652,0.0100587,0.0092,0.0094508,52759737.57,520072.5089989,
2026-01-26,0.0094508,0.0104884,0.0093076,0.0101449,45883160.58,442777.5593176,
2026-01-27,0.0101449,0.0102958,0.0093995,0.010004,38055149.49,380438.2821186,
2026-01-28,0.010004,0.0101117,0.0095979,0.009972,79901297.22,792007.3811606,
2026-01-29,0.009972,0.0100962,0.009001,0.0095177,99688638.67,969359.2913152,
2026-01-30,0.0095177,0.009672,0.0091885,0.009445,105291432.28,993988.3547088,
2026-01-31,0.009445,0.01,0.0087055,0.0098753,84365373.74,785260.1254594,
2026-02-01,0.0098753,0.01,0.0091732,0.0097339,111181268.93,1063826.0514847,
2026-02-02,0.0097339,0.0099529,0.009065,0.0095257,102903187.53,977991.2773672,
2026-02-03,0.0095257,0.0096261,0.0086934,0.0090379,85183875.76,789954.8454567,
2026-02-04,0.0090379,0.0095,0.0082,0.0093137,95017833.48,862584.9928365,
2026-02-05,0.0093137,0.0094191,0.0081505,0.008755,74122169.08,665644.897188,
2026-02-06,0.008755,0.0095999,0.0086372,0.0094978,111193422.16,1022314.288131,
2026-02-07,0.0094978,0.0095001,0.00895,0.0093035,96402940.48,893058.9294491,
2026-02-08,0.0093035,0.0094368,0.0090302,0.0091738,136387607.51,1263647.6611886,
2026-02-09,0.0091738,0.011,0.0088862,0.0103129,103437049.49,1012556.0570086,
2026-02-10,0.0103129,0.0108,0.0094922,0.0101113,199733636.63,2042333.5488069,
2026-02-11,0.0101113,0.0104499,0.00935,0.0100001,161205805.55,1624002.3537905,
2026-02-12,0.0100001,0.01063,0.0096508,0.0099272,212498195.8,2120646.8994195,
2026-02-13,0.0099272,0.0105,0.0096198,0.0100218,96660177.23,966741.5993312,
2026-02-14,0.0100218,0.0104,0.0095,0.0098075,106940200.88,1060622.4864446,
2026-02-15,0.0098075,0.01045,0.0095251,0.0098919,98305290.36,967920.9048256,
2026-02-16,0.0098919,0.0100995,0.0094112,0.0096969,116371812.54,1128522.4733899,
2026-02-17,0.0096969,0.0103414,0.0093865,0.0099253,102865251.48,1009248.6432912,
2026-02-18,0.0099253,0.0101485,0.0094915,0.0097084,112293700.89,1097859.8376732,
2026-02-19,0.0097084,0.009882,0.0094151,0.009765,121045426.94,1172295.9387963,
2026-02-20,0.009765,0.010085,0.0092429,0.0096095,100689875.94,971221.845328,
2026-02-21,0.0096095,0.0096383,0.00943,0.0094301,95521056.02,911361.0848665,
2026-02-22,0.0094301,0.0098973,0.0092598,0.0095749,117957394.5,1124245.1338878,
2026-02-23,0.0095749,0.00995,0.0091621,0.0093495,67983118.86,641030.9531326,
2026-02-24,0.0093495,0.01,0.0090651,0.0092527,163948600.84,1542154.5447481,
2026-02-25,0.0092527,0.00999,0.0092318,0.0094509,189143530.01,1786222.3584777,
2026-02-26,0.0094509,0.0096763,0.0093,0.0093843,159058879.07,1508951.8013775,
2026-02-27,0.0093843,0.009597,0.009222,0.0094107,176304272.22,1649607.7542019,
2026-02-28,0.0094107,0.0094952,0.0090001,0.0092153,213298804.68,1983219.8564792,
2026-03-01,0.0092153,0.0097851,0.00898,0.0091366,158465273.74,1458887.8894124,
2026-03-02,0.0091366,0.0094199,0.0090443,0.0091611,190155161.34,1751944.5286832,
2026-03-03,0.0091611,0.0093265,0.0090595,0.0091581,187946995.51,1721792.5040353,
2026-03-04,0.0091581,0.00986,0.0090612,0.0092189,150159362.54,1386079.0466167,
2026-03-05,0.0092189,0.00965,0.0089899,0.0093051,181959925.78,1678231.303468,
2026-03-06,0.0093051,0.0093856,0.0090871,0.0091059,165306496.47,1521353.1937671,
2026-03-07,0.0091059,0.0091282,0.0089954,0.0090039,169088019.98,1530542.7504159,
2026-03-08,0.0090039,0.0091337,0.0087792,0.0088704,174056916.47,1552607.1198546,
2026-03-09,0.0088704,0.0092886,0.0085001,0.0089719,166917217.39,1488430.095616,
2026-03-10,0.0089719,0.0091007,0.0086,0.0089984,79601190.75,711200.5606558,
2026-03-11,0.0089984,0.0091324,0.0088,0.0089385,103400381.92,927362.2030251,
2026-03-12,0.0089385,0.0091,0.0087162,0.0090681,106877855.28,952403.4692446,
2026-03-13,0.0090681,0.0092,0.0088201,0.0088579,108686445.43,974464.0710378,
2026-03-14,0.0088579,0.0090955,0.008851,0.0090257,109899226.91,980868.1874362,
2026-03-15,0.0090257,0.0091983,0.00886,0.0091285,106672808.35,957164.9717133,
2026-03-16,0.0091285,0.00915,0.0082847,0.0088752,107625688.36,968035.8673151,
2026-03-17,0.0088752,0.0091,0.0086,0.008956,101886754.41,899581.6777906,
2026-03-18,0.008956,0.0091,0.00875,0.0088909,107459196.72,960109.2426363,
2026-03-19,0.0088909,0.0091,0.0086348,0.0088621,118405505.57,1051064.5727245,
2026-03-20,0.0088621,0.0090999,0.008662,0.0087631,113425472.84,1000373.0260345,
2026-03-21,0.0087631,0.00886,0.0083162,0.0083781,113362725.36,984582.6150683,
2026-03-22,0.0083781,0.0088946,0.0072162,0.0088012,140843049.18,1200444.3216869,
2026-03-23,0.0088012,0.009,0.0080319,0.0086988,357727622.52,3102439.8475012,
2026-03-24,0.0086988,0.0090999,0.0084203,0.0089946,368349663.59,3203775.9457371,
2026-03-25,0.0089946,0.0090896,0.0083967,0.0089985,789389166.6,6880976.449576,
2026-03-26,0.0089985,0.0089998,0.008,0.0083721,675919128.17,5800768.0164299,
2026-03-27,0.0083721,0.0085998,0.0068386,0.0083188,366061300.56,2915736.0894544,
2026-03-28,0.0083188,0.00843,0.00766,0.0080803,415003715.09,3383670.079464,
2026-03-29,0.0080803,0.00845,0.0076001,0.0082648,444678190.33,3637304.2506586,
2026-03-30,0.0082648,0.0083782,0.007704,0.007706,536064462.8,4324363.0785711,
2026-03-31,0.007706,0.00841,0.0071823,0.0081582,359802233.9,2888036.4723759,
2026-04-01,0.0081582,0.0082139,0.0076101,0.0078686,451500530.88,3636139.1563594,
2026-04-02,0.0078686,0.0081012,0.0074779,0.0079086,264230175.51,2066227.95911,
2026-04-03,0.0079086,0.0079102,0.0074233,0.0074631,223332925.56,1687903.2651868,
2026-04-04,0.0074631,0.0074644,0.0072878,0.0073737,238833828.13,1765474.2466513,
2026-04-05,0.0073737,0.007374,0.0062416,0.0066005,184859297.26,1263638.2234472,
2026-04-06,0.0066005,0.006709,0.0064,0.0065395,80495976.59,529981.5929541,
2026-04-07,0.0065395,0.0076987,0.0038501,0.0075863,71621457.53,470492.5796387,
2026-04-08,0.0075863,0.0080513,0.0072623,0.0079141,52677895.3,402211.114424,
2026-04-09,0.0079141,0.0080485,0.0076001,0.0078611,53513481.2,424793.1424964,
2026-04-10,0.0078611,0.0082331,0.0075618,0.0082143,61342711.73,491297.6123055,
2026-04-11,0.0082143,0.008215,0.00771,0.0078385,38538654.28,311755.3482266,
2026-04-12,0.0078385,0.0080522,0.0075501,0.0079639,53678179.3,424318.1348764,
2026-04-13,0.0079639,0.0082216,0.0074156,0.0081314,56532649.89,444589.3905114,
2026-04-14,0.0081314,0.0082216,0.00765,0.007734,52001268.12,413731.1014744,
2026-04-15,0.007734,0.0079997,0.00763,0.0078378,54104324.85,427859.402243,
2026-04-16,0.0078378,0.0081032,0.0076412,0.0077339,55955855.23,439636.0389839,
2026-04-17,0.0077339,0.00805,0.0075,0.0076183,62765816.55,485856.0655759,
2026-04-18,0.0076183,0.0077722,0.00735,0.0076762,52380647.81,398196.1696527,
2026-04-19,0.0076762,0.0077036,0.0073702,0.0074946,27674649.87,210911.3122067,
2026-04-20,0.0074946,0.007685,0.0074136,0.0075385,49044264.88,370300.9359673,
2026-04-21,0.0075385,0.0078587,0.0066865,0.0077515,44181542.48,329375.1386947,
2026-04-22,0.0077515,0.0079,0.007501,0.0076988,45354293.28,353263.9371912,
2026-04-23,0.0076988,0.0077017,0.0073604,0.0075104,43848915.31,331389.5453705,
2026-04-24,0.0075104,0.008,0.0073503,0.0075395,50228882.3,376849.6035344,
2026-04-25,0.0075395,0.0075746,0.0069,0.007048,45567499.33,338181.4332007,
2026-04-26,0.007048,0.0075262,0.0067001,0.0075261,46476532.95,335077.3608299,
2026-04-27,0.0075261,0.0076268,0.0070624,0.0071391,49579847.9,367680.7481275,
2026-04-28,0.0071391,0.0075645,0.0068101,0.0074636,50500835.38,370832.9467937,
2026-04-29,0.0074636,0.008,0.0072512,0.0078138,44632463.63,342753.0613004,
2026-04-30,0.0078138,0.0079188,0.0076513,0.0078336,49065985.91,383584.2361409,
2026-05-01,0.0078336,0.0079187,0.00778,0.0078437,59368847.03,466316.0128862,
2026-05-02,0.0078437,0.0078852,0.0075002,0.0076564,42729178.28,330977.0539461,
2026-05-03,0.0076564,0.0076655,0.0074947,0.0075008,52495351.04,397575.4535654,
2026-05-04,0.0075008,0.0076088,0.0073449,0.0074652,49719340.24,372552.4850717,
2026-05-05,0.0074652,0.0075353,0.007,0.0073665,52796265.14,392882.0831644,
2026-05-06,0.0073665,0.0074324,0.00701,0.0071784,50347849.55,369253.8048192,
2026-05-07,0.0071784,0.007525,0.0070852,0.0074513,99076657.53,732962.9993351,
2026-05-08,0.0074513,0.007585,0.0073201,0.0075394,333747163.71,2495598.5690025,
2026-05-09,0.0075394,0.0075608,0.007251,0.0074348,309248097.39,2312232.6235271,
2026-05-10,0.0074348,0.007619,0.0073748,0.0076189,278201931.72,2093377.5403326,
2026-05-11,0.0076189,0.0076351,0.0073707,0.0075247,242324100.57,1829722.1900865,
2026-05-12,0.0075247,0.0075479,0.0070101,0.0075299,146852589.4,1103964.9275996,
2026-05-13,0.0075299,0.0077982,0.0072501,0.0075071,172845118.66,1304394.8372839,
2026-05-14,0.0075071,0.0076137,0.0074619,0.0075693,321173915.39,2420916.2870793,
2026-05-15,0.0075693,0.0075787,0.0072469,0.0074832,178639807.54,1338041.9535746,
2026-05-16,0.0074832,0.0075,0.0072472,0.0074983,229281644.32,1693587.7036704,
2026-05-17,0.0074983,0.0075369,0.0074169,0.0074434,248073453.45,1864652.1950776,
2026-05-18,0.0074434,0.0074911,0.0072837,0.0074198,167826460.89,1243204.0755563,
2026-05-19,0.0074198,0.0074757,0.0072727,0.0074627,253255809.08,1873963.5076017,
2026-05-20,0.0074627,0.0075368,0.0074461,0.0074524,192653293.36,1444769.7852169,
2026-05-21,0.0074524,0.0075742,0.0074513,0.007523,248500719.41,1870193.3430526,
2026-05-22,0.007523,0.0075694,0.0073244,0.0073402,209998421.43,1569711.4955757,
2026-05-23,0.0073402,0.0076,0.0072366,0.0075716,274707035.38,2029998.1797434,
2026-05-24,0.0075716,0.0076737,0.0074022,0.0075992,174973639.07,1322046.2859647,
2026-05-25,0.0075992,0.0080491,0.0075809,0.0080455,193080746.72,1508993.4697115,
2026-05-26,0.0080455,0.0123427,0.0078782,0.011564,407106634.01,4028886.8262064,
2026-05-27,0.011564,0.0149914,0.0115142,0.0145302,376851857.3,4725459.4980866,
2026-05-28,0.0145302,0.0145933,0.0141452,0.0142649,414124905.26,5926371.3920624,
2026-05-29,0.0142649,0.0148902,0.0141302,0.0144839,471880060.99,6807145.6138587,
2026-05-30,0.0144839,0.0145333,0.0143083,0.0143562,494309651.9,7130907.3388225,
2026-05-31,0.0143562,0.0144021,0.0141859,0.0143124,520529796.06,7456327.6805284,
2026-06-01,0.0143124,0.0143909,0.0134605,0.013531,484770364.44,6814066.0022141,
2026-06-02,0.013531,0.0142705,0.0131481,0.0138632,498812049.27,6937049.8280459,
2026-06-03,0.0138632,0.0144826,0.0134065,0.0141995,503074912.55,7019826.2291833,
2026-06-04,0.0141995,0.0144043,0.0135896,0.014144,424660950.05,5983301.4223476,
2026-06-05,0.014144,0.0141464,0.0127048,0.0130458,537766426.83,7285043.5340598,
2026-06-06,0.0130458,0.0131901,0.0125797,0.0128875,500634469.85,6479684.5594503,
2026-06-07,0.0128875,0.0135656,0.012872,0.0134591,518824155.53,6845939.1079689,
2026-06-08,0.0134591,0.0136176,0.0130247,0.0132667,486065265.29,6468305.3293657,
2026-06-09,0.0132667,0.0132933,0.0125367,0.0126703,436011506.97,5649413.9691259,
2026-06-10,0.0126703,0.01337,0.01251,0.0131197,523806195.01,6812844.8566664,
2026-06-11,0.0131197,0.0134254,0.0130332,0.0132798,340593660.92,4515657.8580738,
2026-06-12,0.0132798,0.0133099,0.0129536,0.0130315,490407615.95,6449101.5957213,
2026-06-13,0.0130315,0.0130611,0.0128867,0.0130089,393086868.59,5115443.6056253,
2026-06-14,0.0130089,0.0131629,0.0127444,0.013074,452374927.48,5870899.2163168,
2026-06-15,0.013074,0.0138455,0.0130086,0.013776,228918782.21,3080223.2611879,
2026-06-16,0.013776,0.014281,0.0135995,0.0141259,263107593.76,3660583.9927224,
2026-06-17,0.0141259,0.0146955,0.0138746,0.0145781,200483145.85,2861975.8143404,
2026-06-18,0.0145781,0.01464,0.0144104,0.0145343,219258475.69,3186634.5021772,
2026-06-19,0.0145343,0.0145383,0.014384,0.0144471,168233009.14,2432255.2418914,
2026-06-20,0.0144471,0.0145639,0.0143688,0.0144646,245159532.42,3545100.2605707,
2026-06-21,0.0144646,0.0144842,0.0143165,0.014338,189515391.83,2734204.3481257,
2026-06-22,0.014338,0.01623,0.0143349,0.0160465,207495493.74,3069147.1938577,
2026-06-23,0.0160465,0.0160524,0.0156198,0.0156829,202245776.94,3192459.5778432,
2026-06-24,0.0156829,0.0162454,0.0155352,0.0159094,194673961.32,3088839.7223265,
2026-06-25,0.0159094,0.0159831,0.0156295,0.0157617,205224451.38,3246142.2454543,
2026-06-26,0.0157617,0.0158258,0.0155354,0.0157316,211708793.79,3324911.7279261,
2026-06-27,0.0157316,0.0157463,0.015536,0.0155966,182165857.42,2852213.6001667,
2026-06-28,0.0155966,0.0156442,0.0155001,0.0155795,174146185.82,2712033.1618513,
2026-06-29,0.0155795,0.0160587,0.0153853,0.0159641,186890245.72,2922812.3836665,
2026-06-30,0.0159641,0.0160013,0.0156473,0.0157638,184705617.34,2927412.8838685,
2026-07-01,0.0157638,0.0158776,0.0154456,0.0155371,223572658.73,3490330.7349625,
2026-07-02,0.0155371,0.0156468,0.0153417,0.015562,194127595.29,3010609.6095036,
2026-07-03,0.015562,0.0157121,0.0139109,0.0154619,166683385.29,2593247.7149651,
2026-07-04,0.0154619,0.0155463,0.0151929,0.0154209,184370395.9,2839811.9809408,
2026-07-05,0.0154209,0.0154443,0.0129704,0.0150994,244400784.38,3729841.4689338,
2026-07-06,0.0150994,0.0153021,0.0145184,0.015082,189050460.02,2844030.4825922,
2026-07-07,0.015082,0.0151723,0.0135,0.0147621,197876099.06,2940154.5813188,
2026-07-08,0.0147621,0.014896,0.0143147,0.0146332,157677279.28,2312577.7102147,
2026-07-09,0.0146332,0.0146436,0.0142959,0.0143468,207300952.93,3004388.96867,
2026-07-10,0.0143468,0.0145503,0.0140061,0.0144164,207430958,2977066.2335163,
2026-07-11,0.0144164,0.0145136,0.0140501,0.0143636,199259183.69,2845760.5911195,
2026-07-12,0.0143636,0.0149528,0.0140657,0.0144777,201169193.63,2927867.4472918,
2026-07-13,0.0144777,0.0146872,0.0141274,0.0143907,212501429.73,3056373.6241149,
2026-07-14,0.0143907,0.015,0.0138728,0.0148433,227999836.89,3292114.2970955,
2026-07-15,0.0148433,0.014879,0.0144127,0.0146046,173824762.99,2552709.3284682,
2026-07-16,0.0146046,0.0147003,0.0126382,0.0145657,205692207.23,2962648.9202975,
2026-07-17,0.0145657,0.0145783,0.0140002,0.014147,202115040.29,2882250.9541594,
2026-07-18,0.014147,0.0147706,0.0137773,0.0144932,206558539.28,2904973.6133759,
2026-07-19,0.0144932,0.0147102,0.0136812,0.0141239,223631375.39,3219498.3947549,
2026-07-20,0.0141239,0.0144736,0.0137501,0.0141185,175769559.89,2496669.8525024,
2026-07-21,0.0141185,0.015015,0.0138701,0.0150123,203100556.65,2874848.283536,
2026-07-22,0.0150123,0.0157858,0.0141001,0.0143597,273847717.52,4069972.2560522,
2026-07-23,0.0143597,0.0145731,0.0139636,0.0139842,168288508.51,2395844.6683618,
2026-07-24,0.0139842,0.014454,0.0139,0.0141,130405790.79,1837192.3238474,
2026-07-25,0.0141,0.0141329,0.0138479,0.0138576,155983547.82,2185089.7615538,
2026-07-26,0.0138576,0.0141682,0.0136136,0.014109,122531018.64,1709127.339986,
2026-07-27,0.014109,0.0141508,0.0135116,0.0137502,145847755.95,2024151.1088343,
2026-07-28,0.0137502,0.0140193,0.0135201,0.0137446,147592173.05,2028078.3232223,
2026-07-29,0.0137446,0.0138006,0.0135185,0.0137842,132005017.69,1805201.1622052,
2026-07-30,0.0137842,0.0137887,0.0126383,0.0133475,153088929.53,2064541.6248407,
2026-07-31,0.0133475,0.0133498,0.0126715,0.0127258,146649059.94,1896381.1145994,
2026-08-01,0.0127258,0.0127737,0.0118913,0.0123,145439630.27,1824708.7525477,
2026-08-02,0.0123,0.013,0.0121028,0.0129306,147748045.59,1861789.544325,
2026-08-03,0.0129306,0.0129837,0.0124051,0.0127118,175849690.4,2241207.5125955,
2026-08-04,0.0127118,0.0127204,0.0124051,0.0124605,161474671.33,2025508.9338129,
2026-08-05,0.0124605,0.0125975,0.0124075,0.0125799,135513721.53,1686537.4045733,
2026-08-06,0.0125799,0.0126044,0.0125394,0.0125581,146596979.88,1843058.4591205,
2026-08-07,0.0125581,0.0128757,0.0125324,0.0127393,149118190.9,1894570.0228252,
2026-08-08,0.0127393,0.0127513,0.0125957,0.0126686,231323868.36,2936152.6342686,
2026-08-09,0.0126686,0.0126756,0.0122803,0.0125632,255793661.71,3219132.5269606,
2026-08-10,0.0125632,0.0129151,0.0125201,0.012872,213184790.01,2701083.4880982,
2026-08-11,0.012872,0.0129685,0.0127859,0.0129445,288183846.7,3710978.7665356,
2026-08-12,0.0129445,0.0129999,0.0123129,0.012793,264926649.65,3418638.9924676,
2026-08-13,0.012793,0.0127984,0.0121548,0.012474,239909741.67,2998733.6376173,
2026-08-14,0.012474,0.0130824,0.012352,0.0127726,267831943.37,3430296.3506005,
2026-08-15,0.0127726,0.012796,0.0122134,0.0127131,240797721.23,3069232.4370169,
2026-08-16,0.0127131,0.0131269,0.0125604,0.0130192,331514061.68,4253543.3710286,
2026-08-17,0.0130192,0.0134603,0.0127794,0.0131326,189382684.68,2485923.4907435,
2026-08-18,0.0131326,0.0131542,0.0130755,0.0131084,242647723.39,3181082.5146832,
2026-08-19,0.0131084,0.014,0.0130542,0.0139735,241686558.63,3252036.4044467,
2026-08-20,0.0139735,0.0139875,0.0138377,0.0138625,234608100.63,3268197.6926549,
2026-08-21,0.0138625,0.0152029,0.0138,0.0150721,194503086.91,2783350.4771314,
2026-08-22,0.0150721,0.0150729,0.0136573,0.0140554,222192657.32,3185261.405988,
2026-08-23,0.0140554,0.0147435,0.01367,0.0140127,258619966.32,3616420.5269028,
2026-08-24,0.0140127,0.0149488,0.0138475,0.0148591,249739923.98,3606976.9265864,
2026-08-25,0.0148591,0.019486,0.0142272,0.0181604,284561813.49,4532566.4124991,
2026-08-26,0.0181604,0.0181999,0.01695,0.0175141,169773724.02,2993874.1592087,
2026-08-27,0.0175141,0.0176779,0.0169508,0.0173136,190594587.19,3323756.7159859,
2026-08-28,0.0173136,0.0181879,0.0170894,0.0176514,161193599.3,2823623.7373797,
2026-08-29,0.0176514,0.0176962,0.0175797,0.0176212,237643671.03,4194993.3578361,
2026-08-30,0.0176212,0.0176388,0.0166142,0.0166704,146641415.58,2568878.295388,
2026-08-31,0.0166704,0.0171288,0.0160106,0.016723,55219414.09,925258.9102125,
2026-09-01,0.016723,0.0168162,0.0159318,0.0166793,54872191.27,913807.673989,
2026-09-02,0.0166793,0.0173185,0.0164202,0.0167533,49485872.66,835774.4724339,
2026-09-03,0.0167533,0.0172285,0.0159237,0.0171527,104872741.68,1765105.1712644,
2026-09-04,0.0171527,0.0171634,0.0165263,0.0165826,114464014.9,1924009.2942462,
2026-09-05,0.0165826,0.0171644,0.0163951,0.0168971,93373632.08,1555755.217044,
2026-09-06,0.0168971,0.0172,0.0161162,0.0166242,121018258.09,2052500.909638,
2026-09-07,0.0166242,0.0167794,0.0161197,0.0162934,140694873.85,2327095.1141582,
2026-09-08,0.0162934,0.0170445,0.0160231,0.0162485,125837964.67,2085730.6766197,
2026-09-09,0.0162485,0.0164914,0.0150001,0.0159169,131371337.32,2113089.0719096,
2026-09-10,0.0159169,0.016465,0.015702,0.0157257,153098842.49,2471976.9864482,
2026-09-11,0.0157257,0.0162794,0.0154197,0.015421,147976495.29,2333276.6189855,
2026-09-12,0.015421,0.0158998,0.0149173,0.0156062,173528194.47,2657802.4309003,
2026-09-13,0.0156062,0.0158164,0.015005,0.0151691,158761192.6,2455837.5118338,
2026-09-14,0.0151691,0.0152878,0.0140863,0.0142762,119097446.39,1764127.6008657,
2026-09-15,0.0142762,0.0145,0.0123962,0.0140588,146564336.33,2012196.0456983,
2026-09-16,0.0140588,0.0141155,0.0126026,0.01291,123778758.12,1653020.9378769,
2026-09-17,0.01291,0.0134674,0.0118888,0.0127715,94492050.83,1217671.5484786,
2026-09-18,0.0127715,0.0136008,0.0125,0.013362,107884512.26,1391086.0848294,
2026-09-19,0.013362,0.0140142,0.0129606,0.0137451,117100159.03,1611668.2317639,
2026-09-20,0.0137451,0.0143347,0.0126791,0.014098,112402854.32,1525410.1251473,
2026-09-21,0.014098,0.0142741,0.0138914,0.0139892,121247122.04,1709253.8788774,
2026-09-22,0.0139892,0.0140045,0.0130498,0.0131016,125299144.62,1689565.5147208,
2026-09-23,0.0131016,0.0131978,0.0122,0.0122505,139796181.55,1774501.7979173,
2026-09-24,0.0122505,0.0124169,0.011785,0.0120355,99988691.56,1207374.8048356,
2026-09-25,0.0120355,0.0122,0.0111321,0.011215,159092840.24,1894756.8710174,
2026-09-26,0.011215,0.01336,0.0102555,0.0123518,74387784.98,888627.1614967,
2026-09-27,0.0123518,0.0128397,0.0122572,0.0127276,129890585.31,1646447.9199834,
2026-09-28,0.0127276,0.01274,0.0123778,0.0124615,101042976.89,1268335.3876875,
2026-09-29,0.0124615,0.0129888,0.0121917,0.0126177,128714697.08,1617828.536754,
2026-09-30,0.0126177,0.0126263,0.0122203,0.0122573,166187077.26,2062254.9931052,
2026-10-01,0.0122573,0.01259,0.0118071,0.0120699,124301552.86,1514030.7735566,
2026-10-02,0.0120699,0.0121259,0.0103,0.0103149,160065226.3,1877211.0807672,
2026-10-03,0.0103149,0.0118118,0.0098545,0.0113877,162971690.32,1719012.7303618,
2026-10-04,0.0113877,0.0140464,0.0105837,0.0112989,137260900.92,1663188.5251423,
2026-10-05,0.0112989,0.0130503,0.0112696,0.01141,230884884.11,2677031.8884755,
2026-10-06,0.01141,0.01155,0.01095,0.0115469,152317184.23,1730729.9660008,
2026-10-07,0.0115469,0.0115499,0.0108398,0.0110082,208325345.89,2315503.387831,
2026-10-08,0.0110082,0.01101,0.01011,0.0102687,198089010.4,2096621.6245071,
2026-10-09,0.0102687,0.0104138,0.0102072,0.0103491,193567105.23,1994661.108586,
