date,symbole,funding_rate,open_interest_usd,source
2026-10-07,AAVE,-0.000018,37969299.15360001,gate
2026-10-07,ADA,-0.000042,51026219.01,gate
2026-10-07,AERO,0.00005,12535118.9888,gate
2026-10-07,ALGO,-0.000145,491065.6725,gate
2026-10-07,APT,0.000008,7899764.950080001,gate
2026-10-07,ARB,-0.000157,18333445.27984,gate
2026-10-07,ASTER,0.000007,18768050.279999997,gate
2026-10-07,ATOM,-0.000043,5797129.2,gate
2026-10-07,AVAX,0.000046,44299830.304,gate
2026-10-07,BCH,0.000049,34405717.5616,gate
2026-10-07,BTC,0.000038,2213165895.762432,gate
2026-10-07,BTW,-0.000014,14528876.256,gate
2026-10-07,CAKE,0.00005,460247.56204000005,gate
2026-10-07,CC,0.00005,151247.3209,gate
2026-10-07,DASH,0.000011,5014220.4072,gate
2026-10-07,DOGE,0.0001,118841604.8232,gate
2026-10-07,DOT,-0.000038,19030990.272,gate
2026-10-07,ENA,0.00005,56315714.592,gate
2026-10-07,ETC,-0.000164,10822201.344,gate
2026-10-07,ETHFI,0.00005,7121215.7193599995,gate
2026-10-07,ETH,-0.000046,1124328646.0788,gate
2026-10-07,FIL,-0.000004,16971389.788968004,gate
2026-10-07,GRAM,0.000043,16941757.1296,gate
2026-10-07,HBAR,-0.000084,13169567.1632,gate
2026-10-07,HYPE,-0.00003,167907086.224,gate
2026-10-07,ICP,-0.000016,7519567.785184001,gate
2026-10-07,INJ,0.0001,9727602.288,gate
2026-10-07,JST,0.00005,81085.944,gate
2026-10-07,JUP,0.00005,457789.6792,gate
2026-10-07,KAS,0.0001,6334267.140000001,gate
2026-10-07,LINK,0.000054,64282031.13599999,gate
2026-10-07,LIT,0.000029,11788218.719999999,gate
2026-10-07,LTC,0.0001,56898800.28,gate
2026-10-07,MNT,0.00005,168216.2256,gate
2026-10-07,MORPHO,-0.000071,467349.6365,gate
2026-10-07,M,0.0001,882860.265,gate
2026-10-07,NEAR,0.0001,106533256.8192,gate
2026-10-07,NIGHT,0.0001,450958.5495,gate
2026-10-07,ONDO,-0.000032,34698643.1232,gate
2026-10-07,PEPE,0.000013,48908754.720000006,gate
2026-10-07,PI,0.00005,1208585.5908,gate
2026-10-07,POL,0.00005,7585591.2528,gate
2026-10-07,PUMP,-0.000038,3513651.596,gate
2026-10-07,QNT,-0.000104,1941794.609,gate
2026-10-07,RAY,-0.000271,806136.03248,gate
2026-10-07,RENDER,0.00005,319956.6815,gate
2026-10-07,SHIB,-0.000073,3240003.24752,gate
2026-10-07,SKY,0.00005,375826.5,gate
2026-10-07,SOL,0.000075,495601511.74,gate
2026-10-07,STABLE,0.00005,136157.496,gate
2026-10-07,STX,0.0001,406877.3202,gate
2026-10-07,SUI,0.000062,82921231.5246,gate
2026-10-07,TAO,-0.000047,41739330.48000001,gate
2026-10-07,TRX,0.000041,39895499.808,gate
2026-10-07,UNI,0.000013,90128614.704,gate
2026-10-07,VET,0.0001,248406.0096,gate
2026-10-07,VVV,-0.000129,25744122.756,gate
2026-10-07,WLD,-0.000018,26356405.083599996,gate
2026-10-07,WLFI,0.00005,11025093.648,gate
2026-10-07,XLM,-0.000049,17344511.184,gate
2026-10-07,XMR,0.0001,3121026.2496,gate
2026-10-07,XRP,-0.000067,169148562.3,gate
2026-10-07,ZEC,0.0001,141433383.7692,gate
2026-10-07,ZRO,0.00005,9809774.184,gate
2026-10-08,AAVE,-0.000013,37845129.1456,gate
2026-10-08,ADA,0.000021,50920205.31,gate
2026-10-08,AERO,0.00005,12210526.1328,gate
2026-10-08,ALGO,-0.000163,496274.8453,gate
2026-10-08,APT,0.0001,7884188.612160001,gate
2026-10-08,ARB,-0.000081,18452962.78232,gate
2026-10-08,ASTER,-0.000013,19495453.29,gate
2026-10-08,ATOM,0.000064,5969022.336,gate
2026-10-08,AVAX,-0.000093,42321258.72,gate
2026-10-08,BCH,-0.00009,32170819.3152,gate
2026-10-08,BTC,0.000026,2296163486.46816,gate
2026-10-08,BTW,0.00005,16744155.8988,gate
2026-10-08,CAKE,0.00005,434870.844,gate
2026-10-08,CC,0.00005,146677.1324,gate
2026-10-08,DASH,0.000095,5185268.4312,gate
2026-10-08,DOGE,0.00008,115208395.65660001,gate
2026-10-08,DOT,0.0001,18956678.928000003,gate
2026-10-08,ENA,0.000011,56475419.879999995,gate
2026-10-08,ETC,0.000046,10973008.640400002,gate
2026-10-08,ETHFI,0.00005,7211768.411359999,gate
2026-10-08,ETH,0.000004,1104485280.5632,gate
2026-10-08,FIL,0.0001,16961354.30529,gate
2026-10-08,GRAM,0.000009,16720948.2816,gate
2026-10-08,HBAR,-0.000004,13170124.784,gate
2026-10-08,HYPE,0.000045,167650800.11040002,gate
2026-10-08,ICP,0.000048,7908099.587136001,gate
2026-10-08,INJ,0.0001,11035428.851200001,gate
2026-10-08,JST,0.00005,76597.136,gate
2026-10-08,JUP,0.000019,510993.9646,gate
2026-10-08,KAS,0.0001,6126174.828000001,gate
2026-10-08,LINK,0.000018,62611087.968,gate
2026-10-08,LIT,0.00005,11684716.032,gate
2026-10-08,LTC,0.0001,56145097.536,gate
2026-10-08,MNT,0.00005,201566.29820000002,gate
2026-10-08,MORPHO,-0.000087,465615.71140000003,gate
2026-10-08,M,0.0001,898174.09,gate
2026-10-08,NEAR,0.0001,119226673.7952,gate
2026-10-08,NIGHT,0.0001,430988.3672,gate
2026-10-08,ONDO,0.000018,34653214.584,gate
2026-10-08,PEPE,-0.000006,54219864.3,gate
2026-10-08,PI,0.00005,1229772.6981000002,gate
2026-10-08,POL,0.000017,7660959.488,gate
2026-10-08,PUMP,0.00005,3722092.844,gate
2026-10-08,QNT,-0.000202,1851200.1152,gate
2026-10-08,RAY,-0.000047,817208.80038,gate
2026-10-08,RENDER,0.00005,322733.3991,gate
2026-10-08,SHIB,0.000078,3224798.4791,gate
2026-10-08,SKY,-0.000039,372002.016,gate
2026-10-08,SOL,0.000049,508384295.05,gate
2026-10-08,STABLE,0.00005,138199.76,gate
2026-10-08,STX,0.0001,411227.5895,gate
2026-10-08,SUI,0.000037,83963143.3032,gate
2026-10-08,TAO,-0.000027,41078146.032,gate
2026-10-08,TRX,-0.000029,39501732.98,gate
2026-10-08,UNI,0.0001,92168950.728,gate
2026-10-08,VET,0.0001,243926.16600000003,gate
2026-10-08,VVV,0.00002,25347566.749199998,gate
2026-10-08,WLD,0.000048,27002627.2476,gate
2026-10-08,WLFI,0.000023,11050479.562800001,gate
2026-10-08,XLM,0.000068,17155877.8808,gate
2026-10-08,XMR,0.0001,3207100.0224,gate
2026-10-08,XRP,-0.000014,170185638.134,gate
2026-10-08,ZEC,0.0001,143318057.796,gate
2026-10-08,ZRO,0.00005,9514610.688000001,gate
2026-10-09,AAVE,0.000062,36010180.6768,gate
2026-10-09,ADA,0.00002,45999342.468,gate
2026-10-09,AERO,0.00005,12582819.135200001,gate
2026-10-09,ALGO,0.0001,437672.8604,gate
2026-10-09,APT,-0.000119,8628819.22264,gate
2026-10-09,ARB,-0.000068,17927496.972,gate
2026-10-09,ASTER,0.00005,19020854.424000002,gate
2026-10-09,ATOM,0.0001,6836312.063999999,gate
2026-10-09,AVAX,0.000019,39514011.12,gate
2026-10-09,BCH,0.000034,28342256.224000003,gate
2026-10-09,BTC,-0.000008,2132690116.273344,gate
2026-10-09,BTW,0.00005,18352278.3948,gate
2026-10-09,CAKE,-0.000036,361548.58168000006,gate
2026-10-09,CC,-0.00007,143192.2425,gate
2026-10-09,DASH,-0.00007,4435893.364200001,gate
2026-10-09,DOGE,0.000005,104625037.8822,gate
2026-10-09,DOT,-0.000003,18932933.64,gate
2026-10-09,ENA,0.00005,59203508.8368,gate
2026-10-09,ETC,0.0001,10196692.7292,gate
2026-10-09,ETHFI,0.00005,6656258.640640001,gate
2026-10-09,ETH,-0.000037,965654860.8502,gate
2026-10-09,FIL,0.000019,15268379.485614,gate
2026-10-09,GRAM,0.00005,16930426.7376,gate
2026-10-09,HBAR,-0.000056,12325150.0632,gate
2026-10-09,HYPE,-0.000044,151218569.5496,gate
2026-10-09,ICP,-0.000009,6520338.711312,gate
2026-10-09,INJ,0.0001,9114919.877600001,gate
2026-10-09,JST,-0.000056,77411.725,gate
2026-10-09,JUP,0.00005,430228.7855,gate
2026-10-09,KAS,0.000077,5618509.739999999,gate
2026-10-09,LINK,0.000024,59428716.444,gate
2026-10-09,LIT,0.00005,12823453.872,gate
2026-10-09,LTC,-0.000013,50231953.152,gate
2026-10-09,MNT,0.00005,164748.26400000002,gate
2026-10-09,MORPHO,0.00005,477925.461,gate
2026-10-09,M,0.0001,910933.419,gate
2026-10-09,NEAR,0.000077,95216933.3248,gate
2026-10-09,NIGHT,0.0001,387615.424,gate
2026-10-09,ONDO,-0.00005,36061510.3632,gate
2026-10-09,PEPE,-0.000014,45549571.519999996,gate
2026-10-09,PI,0.00005,1138930.884,gate
2026-10-09,POL,0.000014,7224142.6944,gate
2026-10-09,PUMP,0.00005,3247928.064,gate
2026-10-09,QNT,-0.000019,1785014.6326000001,gate
2026-10-09,RAY,0.00005,588147.20673,gate
2026-10-09,RENDER,0.000018,273506.7936,gate
2026-10-09,SHIB,0.0001,3242566.512,gate
2026-10-09,SKY,-0.000046,341371.25200000004,gate
2026-10-09,SOL,-0.000012,431248922.64,gate
2026-10-09,STABLE,0.00005,131685.84,gate
2026-10-09,STX,0.0001,446160.6212,gate
2026-10-09,SUI,-0.000039,74215463.25659999,gate
2026-10-09,TAO,-0.00001,38469805.296000004,gate
2026-10-09,TRX,-0.000223,39281232.441,gate
2026-10-09,UNI,0.000013,61312876.199999996,gate
2026-10-09,VET,0.0001,217958.1145,gate
2026-10-09,VVV,0.00005,31222010.61,gate
2026-10-09,WLD,0.00001,23200172.8392,gate
2026-10-09,WLFI,-0.000006,10461096.6876,gate
2026-10-09,XLM,-0.000171,14961213.78,gate
2026-10-09,XMR,0.0001,3228219.4912,gate
2026-10-09,XRP,-0.000061,147804910.515,gate
2026-10-09,ZEC,0.000014,160428783.3792,gate
2026-10-09,ZRO,0.00005,9201080.144,gate
2026-10-10,AAVE,-0.000028,37388121.252000004,gate
2026-10-10,ADA,0.0001,47741478.144,gate
2026-10-10,AERO,0.00005,12299211.5408,gate
2026-10-10,ALGO,0.0001,449990.3798,gate
2026-10-10,APT,-0.000034,8553895.940480001,gate
2026-10-10,ARB,-0.000152,18395170.33312,gate
2026-10-10,ASTER,0.000016,19355817.972,gate
2026-10-10,ATOM,-0.000129,7549971.66,gate
2026-10-10,AVAX,0.0001,39165676.032000005,gate
2026-10-10,BCH,-0.000031,31692038.832800005,gate
2026-10-10,BTC,0.000016,2053568431.2284403,gate
2026-10-10,BTW,0.00005,21296357.3526,gate
2026-10-10,CAKE,0.00003,349986.39093000005,gate
2026-10-10,CC,0.00005,158761.6736,gate
2026-10-10,DASH,0.000033,4395277.6559999995,gate
2026-10-10,DOGE,-0.000001,103613002.8336,gate
2026-10-10,DOT,0.0001,20297102.202,gate
2026-10-10,ENA,0.000034,58625925.144,gate
2026-10-10,ETC,0.0001,9925474.0266,gate
2026-10-10,ETHFI,0.00001,6353275.84752,gate
2026-10-10,ETH,0.000016,994483487.3065,gate
2026-10-10,FIL,0.0001,18004368.887232,gate
2026-10-10,GRAM,0.00005,16399615.2,gate
2026-10-10,HBAR,-0.000011,12515210.214399999,gate
2026-10-10,HYPE,0.000008,148243040.16160002,gate
2026-10-10,ICP,0.0001,7092024.504,gate
2026-10-10,INJ,0.0001,8940780.144,gate
2026-10-10,JST,-0.000258,74814.684,gate
2026-10-10,JUP,-0.000003,421250.98140000005,gate
2026-10-10,KAS,-0.000036,5716998.42,gate
2026-10-10,LINK,-0.000073,59016139.38,gate
2026-10-10,LIT,0.00005,12447672.68,gate
2026-10-10,LTC,-0.000005,50571079.936000004,gate
2026-10-10,MNT,0.00005,165942.3924,gate
2026-10-10,MORPHO,-0.000128,443755.1318,gate
2026-10-10,M,0.0001,878313.226,gate
2026-10-10,NEAR,0.000099,100304370.7392,gate
2026-10-10,NIGHT,-0.00016,437640.588,gate
2026-10-10,ONDO,0.00005,41692636.985999994,gate
2026-10-10,PEPE,0.000069,48035374.85999999,gate
2026-10-10,PI,0.00005,1179473.6500000001,gate
2026-10-10,POL,0.00005,7247066.6016,gate
2026-10-10,PUMP,0.000042,3397304.155,gate
2026-10-10,QNT,-0.000028,1762544.2780000002,gate
2026-10-10,RAY,-0.000119,547995.5343400001,gate
2026-10-10,RENDER,0.00005,351623.24,gate
2026-10-10,SHIB,0.000042,3292414.8634300004,gate
2026-10-10,SKY,0.00005,340226.568,gate
2026-10-10,SOL,-0.000021,444613746.84,gate
2026-10-10,STABLE,0.00005,146810.16999999998,gate
2026-10-10,STX,0.000094,435038.8937,gate
2026-10-10,SUI,0,76322193.9948,gate
2026-10-10,TAO,0.000005,40307085.546000004,gate
2026-10-10,TRX,-0.000328,40150238.63,gate
2026-10-10,UNI,-0.000105,59000066.4,gate
2026-10-10,VET,0.0001,206228.7528,gate
2026-10-10,VVV,-0.000041,29829533.525999997,gate
2026-10-10,WLD,0.0001,27052222.2072,gate
2026-10-10,WLFI,-0.00001,11091029.2362,gate
2026-10-10,XLM,0.000039,15384360.1296,gate
2026-10-10,XMR,-0.000297,3814666.8032,gate
2026-10-10,XRP,-0.000046,143122054.104,gate
2026-10-10,ZEC,0.000059,157787416.1754,gate
2026-10-10,ZRO,0.00005,8498750.744,gate
