date,symbole,tvl_usd
2026-10-07,AAVE,18711773995
2026-10-07,AERO,387965881
2026-10-07,ARB,3640793720
2026-10-07,ASTER,257926342
2026-10-07,AVAX,138108094
2026-10-07,BTW,56045222
2026-10-07,CAKE,2250774399
2026-10-07,DOT,5040940
2026-10-07,ENA,5334650408
2026-10-07,ETHFI,5878599095
2026-10-07,HYPE,7408847110
2026-10-07,INJ,5010129
2026-10-07,JST,9858253536
2026-10-07,JUP,2677227364
2026-10-07,LIT,761635978
2026-10-07,MNT,130136816
2026-10-07,MORPHO,11249584035
2026-10-07,NEAR,362873371
2026-10-07,NEXO,317597279
2026-10-07,POL,2814313197
2026-10-07,PUMP,419136918
2026-10-07,RAIN,19545763
2026-10-07,RAY,1299276032
2026-10-07,SHIB,5809
2026-10-07,SKY,6178433478
2026-10-07,SOL,244
2026-10-07,STABLE,79395
2026-10-07,STX,107571
2026-10-07,UNI,3944915195
2026-10-07,ZRO,11722389441
2026-10-08,AAVE,18638295566
2026-10-08,AERO,388537120
2026-10-08,ARB,3627766735
2026-10-08,ASTER,257436412
2026-10-08,AVAX,137543287
2026-10-08,BTW,55721948
2026-10-08,CAKE,2245098446
2026-10-08,DOT,4976908
2026-10-08,ENA,5341602429
2026-10-08,ETHFI,5866251903
2026-10-08,HYPE,7398102852
2026-10-08,INJ,5007307
2026-10-08,JST,9814685675
2026-10-08,JUP,2661289342
2026-10-08,LIT,763333603
2026-10-08,MNT,130057556
2026-10-08,MORPHO,11189818500
2026-10-08,NEAR,364275911
2026-10-08,NEXO,314996048
2026-10-08,POL,2796619504
2026-10-08,PUMP,414010858
2026-10-08,RAIN,19224616
2026-10-08,RAY,1296043940
2026-10-08,SHIB,5832
2026-10-08,SKY,6153866308
2026-10-08,SOL,244
2026-10-08,STABLE,85764
2026-10-08,STX,107055
2026-10-08,UNI,3956778435
2026-10-08,ZRO,11647079915
2026-10-09,AAVE,18236399840
2026-10-09,AERO,381575300
2026-10-09,ARB,3564661510
2026-10-09,ASTER,254491277
2026-10-09,AVAX,138592492
2026-10-09,BTW,55565634
2026-10-09,CAKE,2207612530
2026-10-09,DOT,5277282
2026-10-09,ENA,5261143302
2026-10-09,ETHFI,5709922248
2026-10-09,HYPE,7236460545
2026-10-09,INJ,4962074
2026-10-09,JST,9719340545
2026-10-09,JUP,2583016078
2026-10-09,LIT,750920039
2026-10-09,MNT,125349449
2026-10-09,MORPHO,11130119112
2026-10-09,NEAR,351008620
2026-10-09,NEXO,316986004
2026-10-09,POL,2772394685
2026-10-09,PUMP,399580101
2026-10-09,RAIN,18333079
2026-10-09,RAY,1246005927
2026-10-09,SHIB,5662
2026-10-09,SKY,6172863238
2026-10-09,SOL,237
2026-10-09,STABLE,84587
2026-10-09,STX,115006
2026-10-09,UNI,3927959240
2026-10-09,ZRO,11710640414
