date,symbole,rang,score,proba,prix
2026-10-06,BTW,1,100,0.587,1.214122
2026-10-06,JST,2,98,0.55,0.14113
2026-10-06,STX,3,97,0.47,0.3844
2026-10-06,ZRO,4,95,0.465,2.253
2026-10-06,VVV,5,94,0.461,27.03
2026-10-06,RAY,6,92,0.449,2.1925
2026-10-06,AERO,7,91,0.438,0.8049
2026-10-06,TRX,8,89,0.437,0.3355
2026-10-06,CC,9,88,0.421,0.12717
2026-10-06,SKY,10,86,0.411,0.0893
2026-10-06,NEXO,11,84,0.4,0.853
2026-10-06,RENDER,12,83,0.395,2.141
2026-10-06,ASTER,13,81,0.386,0.7365
2026-10-06,LIT,14,80,0.383,3.817
2026-10-06,KAS,15,78,0.382,0.04327
2026-10-06,XMR,16,77,0.375,559.76
2026-10-06,ZEC,17,75,0.375,1366.65
2026-10-06,PUMP,18,73,0.373,0.006184
2026-10-06,QNT,19,72,0.366,265.52
2026-10-06,GRAM,20,70,0.364,1.5245
2026-10-06,PI,21,69,0.35,0.08707
2026-10-06,NIGHT,22,67,0.347,0.05015
2026-10-06,JUP,23,66,0.337,0.3513
2026-10-06,NEAR,24,64,0.335,5.066
2026-10-06,SHIB,25,62,0.335,5.79e-06
2026-10-06,MNT,26,61,0.331,0.5919
2026-10-06,MORPHO,27,59,0.331,2.692
2026-10-06,SOL,28,58,0.33,120.71
2026-10-06,AAVE,29,56,0.326,179.71
2026-10-06,STABLE,30,55,0.323,0.027964
2026-10-06,RAIN,31,53,0.322,0.0115469
2026-10-06,WLFI,32,52,0.317,0.0563
2026-10-06,ETHFI,33,50,0.315,0.78
2026-10-06,ETC,34,48,0.314,8.84
2026-10-06,ALGO,35,47,0.312,0.1235
2026-10-06,HYPE,36,45,0.304,91.96
2026-10-06,ARB,37,44,0.302,0.1997
2026-10-06,INJ,38,42,0.301,8.113
2026-10-06,ADA,39,41,0.301,0.2674
2026-10-06,VET,40,39,0.3,0.008595
2026-10-06,ATOM,41,38,0.294,1.782
2026-10-06,M,42,36,0.283,1.0545
2026-10-06,ENA,43,34,0.282,0.2403
2026-10-06,APT,44,33,0.272,0.826
2026-10-06,TAO,45,31,0.271,309.0
2026-10-06,POL,46,30,0.263,0.10743
2026-10-06,LTC,47,28,0.263,68.99
2026-10-06,AVAX,48,27,0.259,11.608
2026-10-06,LINK,49,25,0.259,13.959
2026-10-06,CAKE,50,23,0.257,2.391
2026-10-06,ICP,51,22,0.255,3.389
2026-10-06,UNI,52,20,0.255,8.562
2026-10-06,FIL,53,19,0.255,1.1528
2026-10-06,XRP,54,17,0.245,1.4971
2026-10-06,DOT,55,16,0.238,1.202
2026-10-06,HBAR,56,14,0.235,0.09967
2026-10-06,XLM,57,12,0.232,0.2121
2026-10-06,DASH,58,11,0.23,55.72
2026-10-06,ONDO,59,9,0.221,0.4914
2026-10-06,DOGE,60,8,0.216,0.09369
2026-10-06,WLD,61,6,0.215,0.5515
2026-10-06,PEPE,62,5,0.207,4.28e-06
2026-10-06,BCH,63,3,0.204,311.8
2026-10-06,SUI,64,2,0.197,1.1781
